scope,label,patch,side,tier,rank_in_tier,champ,role,elo_pp,impact_pp,tier_score,counterability_tax,n,raw_wr,archetype,cb_score,cb_label,obj_pp,fight_pp,lane_pp,vision_pp,tower_pp,lambda,why
msi,MSI,16.13,blue,Z Blind,1,Viktor,mid,5.97,0.163,5.13,1.0,10,90.0,Blind,50.0,somewhat counterable,0.149,0.364,0.014,-0.009,0.12,1.0,"Elo-ctrl +6.0pp → tier_score +5.1pp (cb tax −1.0; impact +0.16pp clipped±4.0); Blind: somewhat counterable (cb 50/100; CVaR floor 52%; γ=+2.59) → Blind (healthy floor); OE lenses +0.16pp (fight 0.364; lane 0.014; vision -0.009; tower 0.12; obj 0.149); Blade-Chest counterable 50/100; CVaR floor 52%; γ=+2.59; answered by Orianna (51%), Cassiopeia (53%); holds vs Aurora (98%), Galio (97%); thin sample — provisional; mostly mid; n=10, raw 90%"
msi,MSI,16.13,blue,S Blind,1,Lucian,bot,5.48,0.042,5.52,0.0,6,100.0,Blind,8.0,hard to answer,0.222,-0.057,0.042,0.01,0.035,1.0,"Elo-ctrl +5.5pp → tier_score +5.5pp (cb tax −0.0; impact +0.04pp clipped±4.0); Blind: hard to answer (cb 8/100; CVaR floor 91%; γ=+2.85) → Blind (healthy floor); OE lenses +0.04pp (fight -0.057; lane 0.042; vision 0.01; tower 0.035; obj 0.222); Blade-Chest counterable 8/100; CVaR floor 91%; γ=+2.85; answered by Ashe (90%), Mel (91%); holds vs Yunara (99%), Jhin (99%); thin sample — provisional; mostly bot; n=6, raw 100%"
msi,MSI,16.13,blue,A,1,Renekton,top,3.5,-0.1,1.54,1.86,10,80.0,,81.4,highly counterable,0.08,-0.17,0.015,-0.003,-0.54,0.45,"Elo-ctrl +3.5pp → tier_score +1.5pp (cb tax −1.9; impact -0.10pp clipped±4.0); Counter: highly counterable (cb 81/100; CVaR floor 32%; γ=+0.29) → Counter (excess answerability); OE lenses -0.10pp (fight -0.17; lane 0.015; vision -0.003; tower -0.54; obj 0.08); Blade-Chest counterable 81/100; CVaR floor 32%; γ=+0.29; answered by Gnar (21%), Jayce (42%); answers Sion (100%), Rumble (97%); thin sample — provisional; mostly top; n=10, raw 80%"
msi,MSI,16.13,blue,A,2,Gnar,top,3.7,-0.021,1.51,2.18,11,81.8,,88.4,highly counterable,0.129,-0.242,0.047,0.014,0.151,0.45,"Elo-ctrl +3.7pp → tier_score +1.5pp (cb tax −2.2; impact -0.02pp clipped±4.0); Counter: highly counterable (cb 88/100; CVaR floor 35%; γ=+0.56) → Counter (excess answerability); OE lenses -0.02pp (fight -0.242; lane 0.047; vision 0.014; tower 0.151; obj 0.129); Blade-Chest counterable 88/100; CVaR floor 35%; γ=+0.56; answered by Sion (20%), Rumble (51%); answers Jax (98%), Jayce (85%); thin sample — provisional; mostly top; n=11, raw 82%"
msi,MSI,16.13,blue,A,3,Bard,sup,3.21,0.004,1.48,1.74,10,80.0,,78.6,highly counterable,0.119,-0.059,0.002,0.042,-0.051,0.45,"Elo-ctrl +3.2pp → tier_score +1.5pp (cb tax −1.7; impact +0.00pp clipped±4.0); Counter: highly counterable (cb 79/100; CVaR floor 35%; γ=+0.85) → Counter (excess answerability); OE lenses +0.00pp (fight -0.059; lane 0.002; vision 0.042; tower -0.051; obj 0.119); Blade-Chest counterable 79/100; CVaR floor 35%; γ=+0.85; answered by Seraphine (11%), Milio (44%); answers Rell (97%), Pyke (96%); thin sample — provisional; mostly sup; n=10, raw 80%"
msi,MSI,16.13,blue,A,4,Ziggs,bot,3.13,0.231,0.66,2.7,6,83.3,,100.0,highly counterable,-0.051,0.475,0.051,-0.022,0.662,0.45,"Elo-ctrl +3.1pp → tier_score +0.7pp (cb tax −2.7; impact +0.23pp clipped±4.0); Counter: highly counterable (cb 100/100; CVaR floor 2%; γ=-0.89) → Counter (excess answerability); OE lenses +0.23pp (fight 0.475; lane 0.051; vision -0.022; tower 0.662; obj -0.051); Blade-Chest counterable 100/100; CVaR floor 2%; γ=-0.89; answered by Varus (1%), Ashe (2%); answers Caitlyn (95%), Yunara (86%); side-split: red Elo -4.6pp n=9; thin sample — provisional; mostly bot; n=6, raw 83%"
msi,MSI,16.13,blue,A,5,Ahri,mid,2.9,0.078,0.28,2.7,6,83.3,,100.0,highly counterable,0.161,0.058,0.027,-0.001,0.177,0.45,"Elo-ctrl +2.9pp → tier_score +0.3pp (cb tax −2.7; impact +0.08pp clipped±4.0); Counter: highly counterable (cb 100/100; CVaR floor 7%; γ=+0.48) → Counter (excess answerability); OE lenses +0.08pp (fight 0.058; lane 0.027; vision -0.001; tower 0.177; obj 0.161); Blade-Chest counterable 100/100; CVaR floor 7%; γ=+0.48; answered by Viktor (7%), Annie (7%); answers Galio (97%), Sylas (97%); thin sample — provisional; mostly mid; n=6, raw 83%"
msi,MSI,16.13,blue,A,6,Jarvan IV,jng,2.67,-0.064,-0.09,2.7,9,77.8,,100.0,highly counterable,0.041,-0.147,-0.024,0.015,-0.174,0.45,"Elo-ctrl +2.7pp → tier_score -0.1pp (cb tax −2.7; impact -0.06pp clipped±4.0); Counter: highly counterable (cb 100/100; CVaR floor 27%; γ=+1.17) → Counter (excess answerability); OE lenses -0.06pp (fight -0.147; lane -0.024; vision 0.015; tower -0.174; obj 0.041); Blade-Chest counterable 100/100; CVaR floor 27%; γ=+1.17; answered by Vi (4%), Lee Sin (50%); answers Wukong (100%), Naafiri (98%); thin sample — provisional; mostly jng; n=9, raw 78%"
msi,MSI,16.13,blue,A,7,Jayce,top,0.98,0.224,-0.51,1.72,7,71.4,,78.2,highly counterable,0.101,0.32,0.062,0.008,0.712,0.45,"Elo-ctrl +1.0pp → tier_score -0.5pp (cb tax −1.7; impact +0.22pp clipped±4.0); Counter: highly counterable (cb 78/100; CVaR floor 31%; γ=+0.06) → Counter (excess answerability); OE lenses +0.22pp (fight 0.32; lane 0.062; vision 0.008; tower 0.712; obj 0.101); Blade-Chest counterable 78/100; CVaR floor 31%; γ=+0.06; answered by Gnar (15%), Ambessa (47%); answers Sion (99%), Jax (96%); thin sample — provisional; mostly top; n=7, raw 71%"
msi,MSI,16.13,blue,A,8,Vi,jng,1.91,0.04,-0.75,2.7,9,77.8,,100.0,highly counterable,0.172,-0.069,0.07,0.008,0.084,0.45,"Elo-ctrl +1.9pp → tier_score -0.8pp (cb tax −2.7; impact +0.04pp clipped±4.0); Counter: highly counterable (cb 100/100; CVaR floor 2%; γ=+0.63) → Counter (excess answerability); OE lenses +0.04pp (fight -0.069; lane 0.07; vision 0.008; tower 0.084; obj 0.172); Blade-Chest counterable 100/100; CVaR floor 2%; γ=+0.63; answered by Lee Sin (0%), Skarner (3%); answers Xin Zhao (100%), Nocturne (98%); thin sample — provisional; mostly jng; n=9, raw 78%"
msi,MSI,16.13,blue,B,1,Camille,sup,0.97,0.074,-0.98,2.02,10,70.0,,84.9,highly counterable,0.029,0.18,0.037,0.031,-0.021,0.45,"Elo-ctrl +1.0pp → tier_score -1.0pp (cb tax −2.0; impact +0.07pp clipped±4.0); Counter: highly counterable (cb 85/100; CVaR floor 20%; γ=+0.03) → Counter (excess answerability); OE lenses +0.07pp (fight 0.18; lane 0.037; vision 0.031; tower -0.021; obj 0.029); Blade-Chest counterable 85/100; CVaR floor 20%; γ=+0.03; answered by Seraphine (12%), Milio (17%); answers Nautilus (98%), Pyke (91%); side-split: red Elo -2.6pp n=6; thin sample — provisional; mostly sup; n=10, raw 70%"
msi,MSI,16.13,blue,B,2,Nocturne,jng,1.57,-0.029,-1.16,2.7,7,71.4,,100.0,highly counterable,0.007,-0.073,0.013,0.001,-0.088,0.45,"Elo-ctrl +1.6pp → tier_score -1.2pp (cb tax −2.7; impact -0.03pp clipped±4.0); Counter: highly counterable (cb 100/100; CVaR floor 2%; γ=+0.17) → Counter (excess answerability); OE lenses -0.03pp (fight -0.073; lane 0.013; vision 0.001; tower -0.088; obj 0.007); Blade-Chest counterable 100/100; CVaR floor 2%; γ=+0.17; answered by Vi (2%), Lee Sin (2%); answers Naafiri (98%), Wukong (95%); thin sample — provisional; mostly jng; n=7, raw 71%"
msi,MSI,16.13,blue,B,3,Mel,bot,0.76,-0.065,-1.71,2.4,7,71.4,,93.3,highly counterable,0.095,-0.197,0.046,-0.016,-0.25,0.45,"Elo-ctrl +0.8pp → tier_score -1.7pp (cb tax −2.4; impact -0.07pp clipped±4.0); Counter: highly counterable (cb 93/100; CVaR floor 25%; γ=+0.78) → Counter (excess answerability); OE lenses -0.07pp (fight -0.197; lane 0.046; vision -0.016; tower -0.25; obj 0.095); Blade-Chest counterable 93/100; CVaR floor 25%; γ=+0.78; answered by Lucian (9%), Ziggs (41%); answers Senna (97%), Jhin (97%); thin sample — provisional; flex bot:10,mid:2; n=7, raw 71%"
msi,MSI,16.13,blue,C,1,Ambessa,top,0.93,0.017,-1.75,2.7,7,71.4,,100.0,highly counterable,0.089,0.02,0.011,-0.011,-0.07,0.45,"Elo-ctrl +0.9pp → tier_score -1.8pp (cb tax −2.7; impact +0.02pp clipped±4.0); Counter: highly counterable (cb 100/100; CVaR floor 22%; γ=+0.67) → Counter (excess answerability); OE lenses +0.02pp (fight 0.02; lane 0.011; vision -0.011; tower -0.07; obj 0.089); Blade-Chest counterable 100/100; CVaR floor 22%; γ=+0.67; answered by Sion (10%), Gnar (34%); answers Jax (94%), Rumble (68%); thin sample — provisional; mostly top; n=7, raw 71%"
msi,MSI,16.13,blue,C,2,Orianna,mid,-0.45,0.012,-2.74,2.29,6,66.7,,91.0,highly counterable,0.013,-0.018,0.039,0.007,0.043,0.45,"Elo-ctrl -0.5pp → tier_score -2.7pp (cb tax −2.3; impact +0.01pp clipped±4.0); Counter: highly counterable (cb 91/100; CVaR floor 29%; γ=+1.15) → Counter (excess answerability); OE lenses +0.01pp (fight -0.018; lane 0.039; vision 0.007; tower 0.043; obj 0.013); Blade-Chest counterable 91/100; CVaR floor 29%; γ=+1.15; answered by Sylas (8%), Viktor (49%); answers Ryze (98%), Aurora (95%); thin sample — provisional; mostly mid; n=6, raw 67%"
msi,MSI,16.13,blue,C,3,Ezreal,bot,-0.24,0.117,-2.82,2.7,9,66.7,,100.0,highly counterable,0.071,0.319,-0.051,-0.011,0.117,0.45,"Elo-ctrl -0.2pp → tier_score -2.8pp (cb tax −2.7; impact +0.12pp clipped±4.0); Counter: highly counterable (cb 100/100; CVaR floor 1%; γ=+0.70) → Counter (excess answerability); OE lenses +0.12pp (fight 0.319; lane -0.051; vision -0.011; tower 0.117; obj 0.071); Blade-Chest counterable 100/100; CVaR floor 1%; γ=+0.70; answered by Caitlyn (1%), Lucian (1%); answers Varus (100%), Jhin (99%); side-split: red Elo +4.0pp n=9; thin sample — provisional; mostly bot; n=9, raw 67%"
msi,MSI,16.13,blue,C,4,Varus,bot,-0.18,0.027,-2.85,2.7,11,63.6,,100.0,highly counterable,0.084,0.119,-0.014,0.007,-0.208,0.45,"Elo-ctrl -0.2pp → tier_score -2.9pp (cb tax −2.7; impact +0.03pp clipped±4.0); Counter: highly counterable (cb 100/100; CVaR floor 2%; γ=+0.57) → Counter (excess answerability); OE lenses +0.03pp (fight 0.119; lane -0.014; vision 0.007; tower -0.208; obj 0.084); Blade-Chest counterable 100/100; CVaR floor 2%; γ=+0.57; answered by Ezreal (0%), Lucian (3%); answers Ziggs (99%), Jhin (97%); thin sample — provisional; flex bot:11,top:2; n=11, raw 64%"
msi,MSI,16.13,blue,D,1,Taliyah,mid,-0.25,-0.079,-3.02,2.7,6,66.7,,100.0,highly counterable,0.013,-0.158,-0.026,0.01,-0.219,0.45,"Elo-ctrl -0.2pp → tier_score -3.0pp (cb tax −2.7; impact -0.08pp clipped±4.0); Counter: highly counterable (cb 100/100; CVaR floor 3%; γ=-0.66) → Counter (excess answerability); OE lenses -0.08pp (fight -0.158; lane -0.026; vision 0.01; tower -0.219; obj 0.013); Blade-Chest counterable 100/100; CVaR floor 3%; γ=-0.66; answered by Annie (2%), Ahri (4%); answers Aurora (95%), Sylas (95%); thin sample — provisional; flex mid:10,bot:1; n=6, raw 67%"
msi,MSI,16.13,blue,D,2,Ryze,mid,-1.8,-0.102,-4.6,2.7,7,57.1,,100.0,highly counterable,-0.102,-0.237,0.004,0.018,-0.079,0.45,"Elo-ctrl -1.8pp → tier_score -4.6pp (cb tax −2.7; impact -0.10pp clipped±4.0); Counter: highly counterable (cb 100/100; CVaR floor 4%; γ=-0.73) → Counter (excess answerability); OE lenses -0.10pp (fight -0.237; lane 0.004; vision 0.018; tower -0.079; obj -0.102); Blade-Chest counterable 100/100; CVaR floor 4%; γ=-0.73; answered by Orianna (2%), Cassiopeia (6%); answers Annie (73%), Galio (68%); thin sample — provisional; mostly mid; n=7, raw 57%"
msi,MSI,16.13,blue,E,1,Anivia,top,-2.65,0.017,-5.33,2.7,6,50.0,,100.0,highly counterable,0.016,-0.01,0.039,0.007,0.06,0.45,"Elo-ctrl -2.6pp → tier_score -5.3pp (cb tax −2.7; impact +0.02pp clipped±4.0); Counter: highly counterable (cb 100/100; CVaR floor 6%; γ=+0.38) → Counter (excess answerability); OE lenses +0.02pp (fight -0.01; lane 0.039; vision 0.007; tower 0.06; obj 0.016); Blade-Chest counterable 100/100; CVaR floor 6%; γ=+0.38; answered by Renekton (5%), Jayce (8%); answers Sion (95%), Ambessa (87%); thin sample — provisional; flex top:4,mid:2; n=6, raw 50%"
msi,MSI,16.13,blue,E,2,Naafiri,jng,-3.1,0.032,-5.77,2.7,8,50.0,,100.0,highly counterable,-0.097,0.204,-0.027,-0.016,-0.045,0.45,"Elo-ctrl -3.1pp → tier_score -5.8pp (cb tax −2.7; impact +0.03pp clipped±4.0); Counter: highly counterable (cb 100/100; CVaR floor 2%; γ=-0.62) → Counter (excess answerability); OE lenses +0.03pp (fight 0.204; lane -0.027; vision -0.016; tower -0.045; obj -0.097); Blade-Chest counterable 100/100; CVaR floor 2%; γ=-0.62; answered by Nocturne (2%), Vi (2%); answers Wukong (100%), Skarner (98%); thin sample — provisional; mostly jng; n=8, raw 50%"
msi,MSI,16.13,blue,E,3,Annie,mid,-4.41,0.011,-7.1,2.7,7,42.9,,100.0,highly counterable,-0.038,0.001,-0.008,-0.0,0.17,0.45,"Elo-ctrl -4.4pp → tier_score -7.1pp (cb tax −2.7; impact +0.01pp clipped±4.0); Counter: highly counterable (cb 100/100; CVaR floor 6%; γ=-0.11) → Counter (excess answerability); OE lenses +0.01pp (fight 0.001; lane -0.008; vision -0.0; tower 0.17; obj -0.038); Blade-Chest counterable 100/100; CVaR floor 6%; γ=-0.11; answered by Viktor (5%), Orianna (6%); answers Taliyah (98%), Galio (94%); thin sample — provisional; mostly mid; n=7, raw 43%"
msi,MSI,16.13,blue,F,1,Wukong,jng,-5.43,-0.056,-8.19,2.7,8,37.5,,100.0,highly counterable,-0.218,-0.031,-0.041,-0.003,0.066,0.45,"Elo-ctrl -5.4pp → tier_score -8.2pp (cb tax −2.7; impact -0.06pp clipped±4.0); Counter: highly counterable (cb 100/100; CVaR floor 0%; γ=-2.73) → Counter (excess answerability); OE lenses -0.06pp (fight -0.031; lane -0.041; vision -0.003; tower 0.066; obj -0.218); Blade-Chest counterable 100/100; CVaR floor 0%; γ=-2.73; answered by Trundle (0%), Naafiri (0%); answers Vi (90%), Qiyana (66%); thin sample — provisional; mostly jng; n=8, raw 38%"
msi,MSI,16.13,blue,F,2,Aurora,mid,-7.72,0.027,-10.39,2.7,6,16.7,,100.0,highly counterable,-0.173,0.257,-0.012,-0.004,-0.146,0.45,"Elo-ctrl -7.7pp → tier_score -10.4pp (cb tax −2.7; impact +0.03pp clipped±4.0); Counter: highly counterable (cb 100/100; CVaR floor 1%; γ=-1.36) → Counter (excess answerability); OE lenses +0.03pp (fight 0.257; lane -0.012; vision -0.004; tower -0.146; obj -0.173); Blade-Chest counterable 100/100; CVaR floor 1%; γ=-1.36; answered by Sylas (1%), Viktor (2%); answers Annie (92%), Syndra (67%); thin sample — provisional; mostly mid; n=6, raw 17%"
msi,MSI,16.13,red,S Counter,1,Syndra,mid,4.89,0.11,2.38,2.61,6,66.7,Counter,98.1,highly counterable,0.072,0.297,0.024,-0.004,-0.041,0.45,"Elo-ctrl +4.9pp → tier_score +2.4pp (cb tax −2.6; impact +0.11pp clipped±4.0); Counter: highly counterable (cb 98/100; CVaR floor 7%; γ=+0.28) → Counter (excess answerability); OE lenses +0.11pp (fight 0.297; lane 0.024; vision -0.004; tower -0.041; obj 0.072); Blade-Chest counterable 98/100; CVaR floor 7%; γ=+0.28; answered by Sylas (6%), Viktor (8%); answers Cassiopeia (97%), Taliyah (92%); thin sample — provisional; flex mid:9,bot:1; n=6, raw 67%"
msi,MSI,16.13,red,S Counter,2,Lee Sin,jng,4.45,-0.027,1.72,2.7,12,50.0,Counter,100.0,highly counterable,0.053,-0.189,0.057,0.015,0.06,0.45,"Elo-ctrl +4.4pp → tier_score +1.7pp (cb tax −2.7; impact -0.03pp clipped±4.0); Counter: highly counterable (cb 100/100; CVaR floor 21%; γ=+1.57) → Counter (excess answerability); OE lenses -0.03pp (fight -0.189; lane 0.057; vision 0.015; tower 0.06; obj 0.053); Blade-Chest counterable 100/100; CVaR floor 21%; γ=+1.57; answered by Trundle (6%), Naafiri (36%); answers Vi (100%), Qiyana (98%); thin sample — provisional; mostly jng; n=12, raw 50%"
msi,MSI,16.13,red,A,1,Karma,sup,4.2,-0.002,1.5,2.7,7,57.1,,100.0,highly counterable,0.018,0.011,-0.013,-0.013,-0.036,0.45,"Elo-ctrl +4.2pp → tier_score +1.5pp (cb tax −2.7; impact -0.00pp clipped±4.0); Counter: highly counterable (cb 100/100; CVaR floor 9%; γ=+0.81) → Counter (excess answerability); OE lenses -0.00pp (fight 0.011; lane -0.013; vision -0.013; tower -0.036; obj 0.018); Blade-Chest counterable 100/100; CVaR floor 9%; γ=+0.81; answered by Milio (3%), Neeko (9%); answers Seraphine (98%), Pyke (93%); thin sample — provisional; mostly sup; n=7, raw 57%"
msi,MSI,16.13,red,A,2,Ezreal,bot,4.01,0.117,1.43,2.7,9,55.6,,100.0,highly counterable,0.071,0.319,-0.051,-0.011,0.117,0.45,"Elo-ctrl +4.0pp → tier_score +1.4pp (cb tax −2.7; impact +0.12pp clipped±4.0); Counter: highly counterable (cb 100/100; CVaR floor 1%; γ=+0.70) → Counter (excess answerability); OE lenses +0.12pp (fight 0.319; lane -0.051; vision -0.011; tower 0.117; obj 0.071); Blade-Chest counterable 100/100; CVaR floor 1%; γ=+0.70; answered by Caitlyn (1%), Lucian (1%); answers Varus (100%), Jhin (99%); side-split: blue Elo -0.2pp n=9; thin sample — provisional; mostly bot; n=9, raw 56%"
msi,MSI,16.13,red,A,3,Jarvan IV,jng,4.11,-0.064,1.35,2.7,10,50.0,,100.0,highly counterable,0.041,-0.147,-0.024,0.015,-0.174,0.45,"Elo-ctrl +4.1pp → tier_score +1.4pp (cb tax −2.7; impact -0.06pp clipped±4.0); Counter: highly counterable (cb 100/100; CVaR floor 27%; γ=+1.17) → Counter (excess answerability); OE lenses -0.06pp (fight -0.147; lane -0.024; vision 0.015; tower -0.174; obj 0.041); Blade-Chest counterable 100/100; CVaR floor 27%; γ=+1.17; answered by Vi (4%), Lee Sin (50%); answers Wukong (100%), Naafiri (98%); thin sample — provisional; mostly jng; n=10, raw 50%"
msi,MSI,16.13,red,A,4,Sylas,mid,3.84,0.015,1.16,2.7,7,57.1,,100.0,highly counterable,0.015,-0.033,-0.03,-0.003,0.253,0.45,"Elo-ctrl +3.8pp → tier_score +1.2pp (cb tax −2.7; impact +0.01pp clipped±4.0); Counter: highly counterable (cb 100/100; CVaR floor 3%; γ=+0.51) → Counter (excess answerability); OE lenses +0.01pp (fight -0.033; lane -0.03; vision -0.003; tower 0.253; obj 0.015); Blade-Chest counterable 100/100; CVaR floor 3%; γ=+0.51; answered by Viktor (3%), Ahri (3%); answers Aurora (99%), Syndra (94%); thin sample — provisional; mostly mid; n=7, raw 57%"
msi,MSI,16.13,red,A,5,Caitlyn,bot,3.58,0.152,1.03,2.7,8,50.0,,100.0,highly counterable,0.048,0.13,0.033,-0.001,0.773,0.45,"Elo-ctrl +3.6pp → tier_score +1.0pp (cb tax −2.7; impact +0.15pp clipped±4.0); Counter: highly counterable (cb 100/100; CVaR floor 3%; γ=-0.82) → Counter (excess answerability); OE lenses +0.15pp (fight 0.13; lane 0.033; vision -0.001; tower 0.773; obj 0.048); Blade-Chest counterable 100/100; CVaR floor 3%; γ=-0.82; answered by Ashe (3%), Lucian (3%); answers Ezreal (99%), Senna (96%); thin sample — provisional; mostly bot; n=8, raw 50%"
msi,MSI,16.13,red,A,6,Orianna,mid,2.54,0.012,0.26,2.29,6,50.0,,91.0,highly counterable,0.013,-0.018,0.039,0.007,0.043,0.45,"Elo-ctrl +2.5pp → tier_score +0.3pp (cb tax −2.3; impact +0.01pp clipped±4.0); Counter: highly counterable (cb 91/100; CVaR floor 29%; γ=+1.15) → Counter (excess answerability); OE lenses +0.01pp (fight -0.018; lane 0.039; vision 0.007; tower 0.043; obj 0.013); Blade-Chest counterable 91/100; CVaR floor 29%; γ=+1.15; answered by Sylas (8%), Viktor (49%); answers Ryze (98%), Aurora (95%); thin sample — provisional; mostly mid; n=6, raw 50%"
msi,MSI,16.13,red,B,1,Rumble,top,2.86,0.059,0.22,2.7,9,44.4,,100.0,highly counterable,-0.036,0.411,0.007,0.003,-0.557,0.45,"Elo-ctrl +2.9pp → tier_score +0.2pp (cb tax −2.7; impact +0.06pp clipped±4.0); Counter: highly counterable (cb 100/100; CVaR floor 4%; γ=-0.41) → Counter (excess answerability); OE lenses +0.06pp (fight 0.411; lane 0.007; vision 0.003; tower -0.557; obj -0.036); Blade-Chest counterable 100/100; CVaR floor 4%; γ=-0.41; answered by Renekton (3%), Jayce (5%); answers Gnar (49%), Sion (45%); thin sample — provisional; mostly top; n=9, raw 44%"
msi,MSI,16.13,red,B,2,Lulu,sup,2.22,-0.009,-0.25,2.46,6,50.0,,94.7,highly counterable,0.003,-0.03,-0.016,-0.029,0.062,0.45,"Elo-ctrl +2.2pp → tier_score -0.3pp (cb tax −2.5; impact -0.01pp clipped±4.0); Counter: highly counterable (cb 95/100; CVaR floor 25%; γ=+0.49) → Counter (excess answerability); OE lenses -0.01pp (fight -0.03; lane -0.016; vision -0.029; tower 0.062; obj 0.003); Blade-Chest counterable 95/100; CVaR floor 25%; γ=+0.49; answered by Seraphine (9%), Milio (33%); answers Rakan (96%), Pyke (95%); thin sample — provisional; mostly sup; n=6, raw 50%"
msi,MSI,16.13,red,B,3,Ryze,mid,-0.32,-0.102,-3.12,2.7,12,33.3,,100.0,highly counterable,-0.102,-0.237,0.004,0.018,-0.079,0.45,"Elo-ctrl -0.3pp → tier_score -3.1pp (cb tax −2.7; impact -0.10pp clipped±4.0); Counter: highly counterable (cb 100/100; CVaR floor 4%; γ=-0.73) → Counter (excess answerability); OE lenses -0.10pp (fight -0.237; lane 0.004; vision 0.018; tower -0.079; obj -0.102); Blade-Chest counterable 100/100; CVaR floor 4%; γ=-0.73; answered by Orianna (2%), Cassiopeia (6%); answers Annie (73%), Galio (68%); thin sample — provisional; mostly mid; n=12, raw 33%"
msi,MSI,16.13,red,C,1,Naafiri,jng,-1.01,0.032,-3.68,2.7,7,28.6,,100.0,highly counterable,-0.097,0.204,-0.027,-0.016,-0.045,0.45,"Elo-ctrl -1.0pp → tier_score -3.7pp (cb tax −2.7; impact +0.03pp clipped±4.0); Counter: highly counterable (cb 100/100; CVaR floor 2%; γ=-0.62) → Counter (excess answerability); OE lenses +0.03pp (fight 0.204; lane -0.027; vision -0.016; tower -0.045; obj -0.097); Blade-Chest counterable 100/100; CVaR floor 2%; γ=-0.62; answered by Nocturne (2%), Vi (2%); answers Wukong (100%), Skarner (98%); thin sample — provisional; mostly jng; n=7, raw 29%"
msi,MSI,16.13,red,C,2,Camille,sup,-2.57,0.074,-4.52,2.02,6,16.7,,84.9,highly counterable,0.029,0.18,0.037,0.031,-0.021,0.45,"Elo-ctrl -2.6pp → tier_score -4.5pp (cb tax −2.0; impact +0.07pp clipped±4.0); Counter: highly counterable (cb 85/100; CVaR floor 20%; γ=+0.03) → Counter (excess answerability); OE lenses +0.07pp (fight 0.18; lane 0.037; vision 0.031; tower -0.021; obj 0.029); Blade-Chest counterable 85/100; CVaR floor 20%; γ=+0.03; answered by Seraphine (12%), Milio (17%); answers Nautilus (98%), Pyke (91%); side-split: blue Elo +1.0pp n=10; thin sample — provisional; mostly sup; n=6, raw 17%"
msi,MSI,16.13,red,C,3,Xin Zhao,jng,-2.48,-0.054,-5.23,2.7,8,25.0,,100.0,highly counterable,-0.028,-0.065,-0.032,0.001,-0.166,0.45,"Elo-ctrl -2.5pp → tier_score -5.2pp (cb tax −2.7; impact -0.05pp clipped±4.0); Counter: highly counterable (cb 100/100; CVaR floor 4%; γ=-0.66) → Counter (excess answerability); OE lenses -0.05pp (fight -0.065; lane -0.032; vision 0.001; tower -0.166; obj -0.028); Blade-Chest counterable 100/100; CVaR floor 4%; γ=-0.66; answered by Vi (0%), Nocturne (8%); answers Wukong (95%), Naafiri (91%); thin sample — provisional; mostly jng; n=8, raw 25%"
msi,MSI,16.13,red,D,1,Olaf,top,-2.8,-0.091,-5.59,2.7,6,16.7,,100.0,highly counterable,-0.069,-0.036,-0.031,-0.004,-0.485,0.45,"Elo-ctrl -2.8pp → tier_score -5.6pp (cb tax −2.7; impact -0.09pp clipped±4.0); Counter: highly counterable (cb 100/100; CVaR floor 3%; γ=-1.27) → Counter (excess answerability); OE lenses -0.09pp (fight -0.036; lane -0.031; vision -0.004; tower -0.485; obj -0.069); Blade-Chest counterable 100/100; CVaR floor 3%; γ=-1.27; answered by Rumble (1%), Jax (6%); answers Jayce (97%), Renekton (92%); thin sample — provisional; flex top:5,jng:3; n=6, raw 17%"
msi,MSI,16.13,red,D,2,Cassiopeia,mid,-3.2,-0.074,-5.97,2.7,10,20.0,,100.0,highly counterable,0.033,-0.064,0.003,-0.007,-0.497,0.45,"Elo-ctrl -3.2pp → tier_score -6.0pp (cb tax −2.7; impact -0.07pp clipped±4.0); Counter: highly counterable (cb 100/100; CVaR floor 6%; γ=-0.01) → Counter (excess answerability); OE lenses -0.07pp (fight -0.064; lane 0.003; vision -0.007; tower -0.497; obj 0.033); Blade-Chest counterable 100/100; CVaR floor 6%; γ=-0.01; answered by Syndra (3%), Orianna (10%); answers Galio (97%), Ryze (94%); thin sample — provisional; flex mid:12,bot:3; n=10, raw 20%"
msi,MSI,16.13,red,E,1,Sion,top,-3.68,-0.104,-6.48,2.7,7,14.3,,100.0,highly counterable,-0.248,0.016,-0.078,-0.005,-0.332,0.45,"Elo-ctrl -3.7pp → tier_score -6.5pp (cb tax −2.7; impact -0.10pp clipped±4.0); Counter: highly counterable (cb 100/100; CVaR floor 1%; γ=-0.78) → Counter (excess answerability); OE lenses -0.10pp (fight 0.016; lane -0.078; vision -0.005; tower -0.332; obj -0.248); Blade-Chest counterable 100/100; CVaR floor 1%; γ=-0.78; answered by Renekton (0%), Jayce (1%); answers Ambessa (90%), Gnar (80%); thin sample — provisional; mostly top; n=7, raw 14%"
msi,MSI,16.13,red,E,2,Ziggs,bot,-4.6,0.231,-7.07,2.7,9,11.1,,100.0,highly counterable,-0.051,0.475,0.051,-0.022,0.662,0.45,"Elo-ctrl -4.6pp → tier_score -7.1pp (cb tax −2.7; impact +0.23pp clipped±4.0); Counter: highly counterable (cb 100/100; CVaR floor 2%; γ=-0.89) → Counter (excess answerability); OE lenses +0.23pp (fight 0.475; lane 0.051; vision -0.022; tower 0.662; obj -0.051); Blade-Chest counterable 100/100; CVaR floor 2%; γ=-0.89; answered by Varus (1%), Ashe (2%); answers Caitlyn (95%), Yunara (86%); side-split: blue Elo +3.1pp n=6; thin sample — provisional; mostly bot; n=9, raw 11%"
msi,MSI,16.13,red,F,1,Rell,sup,-4.72,-0.052,-7.37,2.6,6,0.0,,97.7,highly counterable,-0.054,-0.118,-0.014,0.008,-0.011,0.45,"Elo-ctrl -4.7pp → tier_score -7.4pp (cb tax −2.6; impact -0.05pp clipped±4.0); Counter: highly counterable (cb 98/100; CVaR floor 5%; γ=-0.56) → Counter (excess answerability); OE lenses -0.05pp (fight -0.118; lane -0.014; vision 0.008; tower -0.011; obj -0.054); Blade-Chest counterable 98/100; CVaR floor 5%; γ=-0.56; answered by Milio (1%), Bard (3%); answers Seraphine (87%), Karma (86%); thin sample — provisional; mostly sup; n=6, raw 0%"
msi,MSI,16.13,red,F,2,Nautilus,sup,-5.9,-0.045,-8.65,2.7,7,0.0,,100.0,highly counterable,-0.084,-0.106,-0.008,-0.007,0.071,0.45,"Elo-ctrl -5.9pp → tier_score -8.6pp (cb tax −2.7; impact -0.04pp clipped±4.0); Counter: highly counterable (cb 100/100; CVaR floor 4%; γ=-0.70) → Counter (excess answerability); OE lenses -0.04pp (fight -0.106; lane -0.008; vision -0.007; tower 0.071; obj -0.084); Blade-Chest counterable 100/100; CVaR floor 4%; γ=-0.70; answered by Camille (2%), Neeko (4%); answers Rakan (96%), Pyke (92%); thin sample — provisional; mostly sup; n=7, raw 0%"
ewc,EWC,16.13,blue,Z Blind,1,Orianna,mid,4.84,0.003,4.57,0.28,9,77.8,Blind,,,0.138,-0.157,0.027,0.021,0.137,0.55,"Elo-ctrl +4.8pp → tier_score +4.6pp (cb tax −0.3; impact +0.00pp clipped±4.0); Blind: unknown counterability — mild safety tax; OE lenses +0.00pp (fight -0.157; lane 0.027; vision 0.021; tower 0.137; obj 0.138); cb unknown → prior 45; thin sample — provisional; mostly mid; n=9, raw 78%"
ewc,EWC,16.13,blue,S Blind,1,Ezreal,bot,4.6,0.134,4.46,0.28,4,100.0,Blind,,,0.084,0.192,0.013,-0.031,0.47,0.55,"Elo-ctrl +4.6pp → tier_score +4.5pp (cb tax −0.3; impact +0.13pp clipped±4.0); Blind: unknown counterability — mild safety tax; OE lenses +0.13pp (fight 0.192; lane 0.013; vision -0.031; tower 0.47; obj 0.084); cb unknown → prior 45; side-split: red Elo +1.0pp n=12; thin sample — provisional; flex bot:15,sup:1; n=4, raw 100%"
ewc,EWC,16.13,blue,S Blind,2,Lee Sin,jng,3.17,-0.018,2.88,0.28,9,66.7,Blind,,,0.047,-0.096,0.016,-0.002,-0.004,0.55,"Elo-ctrl +3.2pp → tier_score +2.9pp (cb tax −0.3; impact -0.02pp clipped±4.0); Blind: unknown counterability — mild safety tax; OE lenses -0.02pp (fight -0.096; lane 0.016; vision -0.002; tower -0.004; obj 0.047); cb unknown → prior 45; thin sample — provisional; mostly jng; n=9, raw 67%"
ewc,EWC,16.13,blue,S Blind,3,Jayce,top,2.87,0.165,2.76,0.28,7,71.4,Blind,,,0.168,0.208,0.07,0.011,0.388,0.55,"Elo-ctrl +2.9pp → tier_score +2.8pp (cb tax −0.3; impact +0.17pp clipped±4.0); Blind: unknown counterability — mild safety tax; OE lenses +0.17pp (fight 0.208; lane 0.07; vision 0.011; tower 0.388; obj 0.168); cb unknown → prior 45; thin sample — provisional; mostly top; n=7, raw 71%"
ewc,EWC,16.13,blue,S Blind,4,Leona,sup,2.96,-0.025,2.66,0.28,7,71.4,Blind,,,0.085,-0.1,-0.032,0.033,-0.054,0.55,"Elo-ctrl +3.0pp → tier_score +2.7pp (cb tax −0.3; impact -0.03pp clipped±4.0); Blind: unknown counterability — mild safety tax; OE lenses -0.03pp (fight -0.1; lane -0.032; vision 0.033; tower -0.054; obj 0.085); cb unknown → prior 45; thin sample — provisional; mostly sup; n=7, raw 71%"
ewc,EWC,16.13,blue,S Blind,5,Akali,mid,1.99,-0.034,1.69,0.28,4,75.0,Blind,,,0.154,-0.186,-0.002,0.0,-0.042,0.55,"Elo-ctrl +2.0pp → tier_score +1.7pp (cb tax −0.3; impact -0.03pp clipped±4.0); Blind: unknown counterability — mild safety tax; OE lenses -0.03pp (fight -0.186; lane -0.002; vision 0.0; tower -0.042; obj 0.154); cb unknown → prior 45; thin sample — provisional; mostly mid; n=4, raw 75%"
ewc,EWC,16.13,blue,S Blind,6,Jarvan IV,jng,1.96,-0.055,1.63,0.28,8,62.5,Blind,,,-0.085,-0.038,-0.036,0.015,-0.161,0.55,"Elo-ctrl +2.0pp → tier_score +1.6pp (cb tax −0.3; impact -0.06pp clipped±4.0); Blind: unknown counterability — mild safety tax; OE lenses -0.06pp (fight -0.038; lane -0.036; vision 0.015; tower -0.161; obj -0.085); cb unknown → prior 45; side-split: red Elo -5.2pp n=11; thin sample — provisional; mostly jng; n=8, raw 62%"
ewc,EWC,16.13,blue,A,1,Poppy,jng,0.9,0.009,0.63,0.28,5,60.0,,,,0.109,-0.072,0.019,-0.01,0.052,0.55,"Elo-ctrl +0.9pp → tier_score +0.6pp (cb tax −0.3; impact +0.01pp clipped±4.0); Blind: unknown counterability — mild safety tax; OE lenses +0.01pp (fight -0.072; lane 0.019; vision -0.01; tower 0.052; obj 0.109); cb unknown → prior 45; thin sample — provisional; flex jng:5,sup:1; n=5, raw 60%"
ewc,EWC,16.13,blue,A,2,Cassiopeia,mid,0.76,-0.062,0.43,0.28,5,60.0,,,,0.056,-0.037,-0.015,-0.014,-0.471,0.55,"Elo-ctrl +0.8pp → tier_score +0.4pp (cb tax −0.3; impact -0.06pp clipped±4.0); Blind: unknown counterability — mild safety tax; OE lenses -0.06pp (fight -0.037; lane -0.015; vision -0.014; tower -0.471; obj 0.056); cb unknown → prior 45; thin sample — provisional; flex mid:11,bot:3; n=5, raw 60%"
ewc,EWC,16.13,blue,A,3,Rell,sup,0.71,-0.024,0.41,0.28,5,60.0,,,,0.007,-0.087,0.0,-0.007,0.032,0.55,"Elo-ctrl +0.7pp → tier_score +0.4pp (cb tax −0.3; impact -0.02pp clipped±4.0); Blind: unknown counterability — mild safety tax; OE lenses -0.02pp (fight -0.087; lane 0.0; vision -0.007; tower 0.032; obj 0.007); cb unknown → prior 45; thin sample — provisional; mostly sup; n=5, raw 60%"
ewc,EWC,16.13,blue,B,1,Alistar,sup,1.75,0.0,0.35,1.4,4,75.0,,71.1,highly counterable,0.0,0.0,0.0,0.0,0.0,0.45,"Elo-ctrl +1.7pp → tier_score +0.3pp (cb tax −1.4; impact +0.00pp clipped±4.0); Counter: highly counterable (cb 71/100; CVaR floor 43%; γ=+1.24) → Counter (excess answerability); OE lenses +0.00pp (fight 0.0; lane 0.0; vision 0.0; tower 0.0; obj 0.0); Blade-Chest counterable 71/100; CVaR floor 43%; γ=+1.24; answered by Camille (7%), Bard (78%); answers Nautilus (97%), Rell (95%); thin sample — provisional; mostly sup; n=4, raw 75%"
ewc,EWC,16.13,blue,B,2,Anivia,mid,2.46,-0.025,-0.27,2.7,4,75.0,,100.0,highly counterable,-0.027,-0.068,-0.01,0.013,0.026,0.45,"Elo-ctrl +2.5pp → tier_score -0.3pp (cb tax −2.7; impact -0.03pp clipped±4.0); Counter: highly counterable (cb 100/100; CVaR floor 4%; γ=+0.10) → Counter (excess answerability); OE lenses -0.03pp (fight -0.068; lane -0.01; vision 0.013; tower 0.026; obj -0.027); Blade-Chest counterable 100/100; CVaR floor 4%; γ=+0.10; answered by Akali (2%), Orianna (7%); answers Ryze (98%), Sylas (98%); side-split: red Elo -2.2pp n=4; thin sample — provisional; flex mid:4,top:2,bot:2; n=4, raw 75%"
ewc,EWC,16.13,blue,B,3,Rumble,top,-0.13,0.073,-0.34,0.28,9,55.6,,,,0.078,0.261,0.052,-0.005,-0.318,0.55,"Elo-ctrl -0.1pp → tier_score -0.3pp (cb tax −0.3; impact +0.07pp clipped±4.0); Blind: unknown counterability — mild safety tax; OE lenses +0.07pp (fight 0.261; lane 0.052; vision -0.005; tower -0.318; obj 0.078); cb unknown → prior 45; thin sample — provisional; flex top:9,mid:1; n=9, raw 56%"
ewc,EWC,16.13,blue,B,4,Nautilus,sup,-0.44,-0.021,-0.73,0.28,4,50.0,,,,-0.099,0.011,-0.027,-0.026,0.042,0.55,"Elo-ctrl -0.4pp → tier_score -0.7pp (cb tax −0.3; impact -0.02pp clipped±4.0); Blind: unknown counterability — mild safety tax; OE lenses -0.02pp (fight 0.011; lane -0.027; vision -0.026; tower 0.042; obj -0.099); cb unknown → prior 45; thin sample — provisional; mostly sup; n=4, raw 50%"
ewc,EWC,16.13,blue,C,1,Bard,sup,-0.83,-0.027,-1.13,0.28,4,50.0,,,,-0.102,-0.007,0.002,0.018,-0.06,0.55,"Elo-ctrl -0.8pp → tier_score -1.1pp (cb tax −0.3; impact -0.03pp clipped±4.0); Blind: unknown counterability — mild safety tax; OE lenses -0.03pp (fight -0.007; lane 0.002; vision 0.018; tower -0.06; obj -0.102); cb unknown → prior 45; side-split: red Elo -4.4pp n=4; thin sample — provisional; mostly sup; n=4, raw 50%"
ewc,EWC,16.13,blue,C,2,Ambessa,top,-1.03,-0.006,-1.32,0.28,8,50.0,,,,-0.055,0.04,-0.003,-0.006,-0.05,0.55,"Elo-ctrl -1.0pp → tier_score -1.3pp (cb tax −0.3; impact -0.01pp clipped±4.0); Blind: unknown counterability — mild safety tax; OE lenses -0.01pp (fight 0.04; lane -0.003; vision -0.006; tower -0.05; obj -0.055); cb unknown → prior 45; thin sample — provisional; mostly top; n=8, raw 50%"
ewc,EWC,16.13,blue,C,3,Camille,sup,-1.76,0.091,-1.95,0.28,5,40.0,,,,0.042,0.211,0.043,0.054,-0.017,0.55,"Elo-ctrl -1.8pp → tier_score -1.9pp (cb tax −0.3; impact +0.09pp clipped±4.0); Blind: unknown counterability — mild safety tax; OE lenses +0.09pp (fight 0.211; lane 0.043; vision 0.054; tower -0.017; obj 0.042); cb unknown → prior 45; thin sample — provisional; mostly sup; n=5, raw 40%"
ewc,EWC,16.13,blue,D,1,Naafiri,jng,-1.93,0.054,-2.16,0.28,5,40.0,,,,0.072,0.146,0.018,-0.007,-0.089,0.55,"Elo-ctrl -1.9pp → tier_score -2.2pp (cb tax −0.3; impact +0.05pp clipped±4.0); Blind: unknown counterability — mild safety tax; OE lenses +0.05pp (fight 0.146; lane 0.018; vision -0.007; tower -0.089; obj 0.072); cb unknown → prior 45; side-split: red Elo +4.4pp n=7; thin sample — provisional; mostly jng; n=5, raw 40%"
ewc,EWC,16.13,blue,D,2,Xin Zhao,jng,-1.97,0.05,-2.2,0.28,5,40.0,,,,0.037,0.103,-0.018,-0.01,0.125,0.55,"Elo-ctrl -2.0pp → tier_score -2.2pp (cb tax −0.3; impact +0.05pp clipped±4.0); Blind: unknown counterability — mild safety tax; OE lenses +0.05pp (fight 0.103; lane -0.018; vision -0.01; tower 0.125; obj 0.037); cb unknown → prior 45; thin sample — provisional; mostly jng; n=5, raw 40%"
ewc,EWC,16.13,blue,D,3,Shen,sup,-2.05,-0.083,-2.41,0.28,7,42.9,,,,-0.109,-0.085,-0.016,0.018,-0.267,0.55,"Elo-ctrl -2.1pp → tier_score -2.4pp (cb tax −0.3; impact -0.08pp clipped±4.0); Blind: unknown counterability — mild safety tax; OE lenses -0.08pp (fight -0.085; lane -0.016; vision 0.018; tower -0.267; obj -0.109); cb unknown → prior 45; thin sample — provisional; flex sup:6,top:5; n=7, raw 43%"
ewc,EWC,16.13,blue,E,1,Ziggs,bot,-2.49,0.129,-2.64,0.28,7,42.9,,,,-0.112,0.295,-0.031,-0.009,0.543,0.55,"Elo-ctrl -2.5pp → tier_score -2.6pp (cb tax −0.3; impact +0.13pp clipped±4.0); Blind: unknown counterability — mild safety tax; OE lenses +0.13pp (fight 0.295; lane -0.031; vision -0.009; tower 0.543; obj -0.112); cb unknown → prior 45; thin sample — provisional; flex bot:14,mid:1; n=7, raw 43%"
ewc,EWC,16.13,blue,E,2,Ryze,mid,-2.88,-0.024,-3.18,0.28,4,25.0,,,,-0.129,0.04,-0.038,0.004,-0.016,0.55,"Elo-ctrl -2.9pp → tier_score -3.2pp (cb tax −0.3; impact -0.02pp clipped±4.0); Blind: unknown counterability — mild safety tax; OE lenses -0.02pp (fight 0.04; lane -0.038; vision 0.004; tower -0.016; obj -0.129); cb unknown → prior 45; thin sample — provisional; flex mid:8,bot:1; n=4, raw 25%"
ewc,EWC,16.13,blue,E,3,Sylas,mid,-3.58,0.012,-3.84,0.28,4,25.0,,,,-0.107,-0.02,0.02,-0.009,0.298,0.55,"Elo-ctrl -3.6pp → tier_score -3.8pp (cb tax −0.3; impact +0.01pp clipped±4.0); Blind: unknown counterability — mild safety tax; OE lenses +0.01pp (fight -0.02; lane 0.02; vision -0.009; tower 0.298; obj -0.107); cb unknown → prior 45; thin sample — provisional; mostly mid; n=4, raw 25%"
ewc,EWC,16.13,blue,F,1,Syndra,mid,-4.48,-0.041,-4.79,0.28,11,36.4,,,,-0.049,0.024,-0.006,-0.013,-0.302,0.55,"Elo-ctrl -4.5pp → tier_score -4.8pp (cb tax −0.3; impact -0.04pp clipped±4.0); Blind: unknown counterability — mild safety tax; OE lenses -0.04pp (fight 0.024; lane -0.006; vision -0.013; tower -0.302; obj -0.049); cb unknown → prior 45; side-split: red Elo +4.6pp n=7; thin sample — provisional; flex mid:14,bot:4; n=11, raw 36%"
ewc,EWC,16.13,blue,F,2,Jhin,bot,-5.71,-0.093,-6.08,0.28,10,30.0,,,,-0.142,-0.14,-0.03,-0.012,-0.095,0.55,"Elo-ctrl -5.7pp → tier_score -6.1pp (cb tax −0.3; impact -0.09pp clipped±4.0); Blind: unknown counterability — mild safety tax; OE lenses -0.09pp (fight -0.14; lane -0.03; vision -0.012; tower -0.095; obj -0.142); cb unknown → prior 45; thin sample — provisional; mostly bot; n=10, raw 30%"
ewc,EWC,16.13,red,Z Blind,1,Syndra,mid,4.62,-0.041,4.3,0.28,7,71.4,Blind,,,-0.049,0.024,-0.006,-0.013,-0.302,0.55,"Elo-ctrl +4.6pp → tier_score +4.3pp (cb tax −0.3; impact -0.04pp clipped±4.0); Blind: unknown counterability — mild safety tax; OE lenses -0.04pp (fight 0.024; lane -0.006; vision -0.013; tower -0.302; obj -0.049); cb unknown → prior 45; side-split: blue Elo -4.5pp n=11; thin sample — provisional; flex mid:14,bot:4; n=7, raw 71%"
ewc,EWC,16.13,red,Z Blind,2,Naafiri,jng,4.44,0.054,4.22,0.28,7,71.4,Blind,,,0.072,0.146,0.018,-0.007,-0.089,0.55,"Elo-ctrl +4.4pp → tier_score +4.2pp (cb tax −0.3; impact +0.05pp clipped±4.0); Blind: unknown counterability — mild safety tax; OE lenses +0.05pp (fight 0.146; lane 0.018; vision -0.007; tower -0.089; obj 0.072); cb unknown → prior 45; side-split: blue Elo -1.9pp n=5; thin sample — provisional; mostly jng; n=7, raw 71%"
ewc,EWC,16.13,red,S Blind,1,Leona,sup,3.14,-0.025,2.84,0.28,6,66.7,Blind,,,0.085,-0.1,-0.032,0.033,-0.054,0.55,"Elo-ctrl +3.1pp → tier_score +2.8pp (cb tax −0.3; impact -0.03pp clipped±4.0); Blind: unknown counterability — mild safety tax; OE lenses -0.03pp (fight -0.1; lane -0.032; vision 0.033; tower -0.054; obj 0.085); cb unknown → prior 45; thin sample — provisional; mostly sup; n=6, raw 67%"
ewc,EWC,16.13,red,S Blind,2,Vi,jng,2.57,-0.019,2.27,0.28,7,57.1,Blind,,,0.075,-0.126,0.017,0.005,0.012,0.55,"Elo-ctrl +2.6pp → tier_score +2.3pp (cb tax −0.3; impact -0.02pp clipped±4.0); Blind: unknown counterability — mild safety tax; OE lenses -0.02pp (fight -0.126; lane 0.017; vision 0.005; tower 0.012; obj 0.075); cb unknown → prior 45; thin sample — provisional; mostly jng; n=7, raw 57%"
ewc,EWC,16.13,red,S Blind,3,Cassiopeia,mid,2.16,-0.062,1.83,0.28,9,55.6,Blind,,,0.056,-0.037,-0.015,-0.014,-0.471,0.55,"Elo-ctrl +2.2pp → tier_score +1.8pp (cb tax −0.3; impact -0.06pp clipped±4.0); Blind: unknown counterability — mild safety tax; OE lenses -0.06pp (fight -0.037; lane -0.015; vision -0.014; tower -0.471; obj 0.056); cb unknown → prior 45; thin sample — provisional; flex mid:11,bot:3; n=9, raw 56%"
ewc,EWC,16.13,red,S Blind,4,Gnar,top,2.15,-0.08,1.8,0.28,10,60.0,Blind,,,0.061,-0.223,-0.018,0.009,-0.147,0.55,"Elo-ctrl +2.2pp → tier_score +1.8pp (cb tax −0.3; impact -0.08pp clipped±4.0); Blind: unknown counterability — mild safety tax; OE lenses -0.08pp (fight -0.223; lane -0.018; vision 0.009; tower -0.147; obj 0.061); cb unknown → prior 45; thin sample — provisional; mostly top; n=10, raw 60%"
ewc,EWC,16.13,red,A,1,Ambessa,top,2.01,-0.006,1.73,0.28,5,60.0,,,,-0.055,0.04,-0.003,-0.006,-0.05,0.55,"Elo-ctrl +2.0pp → tier_score +1.7pp (cb tax −0.3; impact -0.01pp clipped±4.0); Blind: unknown counterability — mild safety tax; OE lenses -0.01pp (fight 0.04; lane -0.003; vision -0.006; tower -0.05; obj -0.055); cb unknown → prior 45; thin sample — provisional; mostly top; n=5, raw 60%"
ewc,EWC,16.13,red,A,2,Camille,sup,1.24,0.091,1.05,0.28,12,50.0,,,,0.042,0.211,0.043,0.054,-0.017,0.55,"Elo-ctrl +1.2pp → tier_score +1.1pp (cb tax −0.3; impact +0.09pp clipped±4.0); Blind: unknown counterability — mild safety tax; OE lenses +0.09pp (fight 0.211; lane 0.043; vision 0.054; tower -0.017; obj 0.042); cb unknown → prior 45; thin sample — provisional; mostly sup; n=12, raw 50%"
ewc,EWC,16.13,red,A,3,Ezreal,bot,0.99,0.134,0.85,0.28,12,50.0,,,,0.084,0.192,0.013,-0.031,0.47,0.55,"Elo-ctrl +1.0pp → tier_score +0.8pp (cb tax −0.3; impact +0.13pp clipped±4.0); Blind: unknown counterability — mild safety tax; OE lenses +0.13pp (fight 0.192; lane 0.013; vision -0.031; tower 0.47; obj 0.084); cb unknown → prior 45; side-split: blue Elo +4.6pp n=4; thin sample — provisional; flex bot:15,sup:1; n=12, raw 50%"
ewc,EWC,16.13,red,B,1,Lee Sin,jng,0.44,-0.018,0.15,0.28,4,50.0,,,,0.047,-0.096,0.016,-0.002,-0.004,0.55,"Elo-ctrl +0.4pp → tier_score +0.2pp (cb tax −0.3; impact -0.02pp clipped±4.0); Blind: unknown counterability — mild safety tax; OE lenses -0.02pp (fight -0.096; lane 0.016; vision -0.002; tower -0.004; obj 0.047); cb unknown → prior 45; thin sample — provisional; mostly jng; n=4, raw 50%"
ewc,EWC,16.13,red,B,2,Jayce,top,0.13,0.165,0.02,0.28,4,50.0,,,,0.168,0.208,0.07,0.011,0.388,0.55,"Elo-ctrl +0.1pp → tier_score +0.0pp (cb tax −0.3; impact +0.17pp clipped±4.0); Blind: unknown counterability — mild safety tax; OE lenses +0.17pp (fight 0.208; lane 0.07; vision 0.011; tower 0.388; obj 0.168); cb unknown → prior 45; thin sample — provisional; mostly top; n=4, raw 50%"
ewc,EWC,16.13,red,B,3,Lucian,bot,-0.18,0.027,-0.43,0.28,5,40.0,,,,-0.074,0.149,-0.006,0.011,-0.044,0.55,"Elo-ctrl -0.2pp → tier_score -0.4pp (cb tax −0.3; impact +0.03pp clipped±4.0); Blind: unknown counterability — mild safety tax; OE lenses +0.03pp (fight 0.149; lane -0.006; vision 0.011; tower -0.044; obj -0.074); cb unknown → prior 45; thin sample — provisional; mostly bot; n=5, raw 40%"
ewc,EWC,16.13,red,C,1,Viktor,mid,0.75,0.128,-1.82,2.7,4,50.0,,100.0,highly counterable,0.09,0.362,0.02,0.004,-0.089,0.45,"Elo-ctrl +0.8pp → tier_score -1.8pp (cb tax −2.7; impact +0.13pp clipped±4.0); Counter: highly counterable (cb 100/100; CVaR floor 25%; γ=+0.30) → Counter (excess answerability); OE lenses +0.13pp (fight 0.362; lane 0.02; vision 0.004; tower -0.089; obj 0.09); Blade-Chest counterable 100/100; CVaR floor 25%; γ=+0.30; answered by Cassiopeia (5%), Akali (45%); answers Syndra (87%), Ryze (62%); thin sample — provisional; flex mid:4,bot:3; n=4, raw 50%"
ewc,EWC,16.13,red,C,2,Ziggs,bot,-1.83,0.129,-1.97,0.28,8,37.5,,,,-0.112,0.295,-0.031,-0.009,0.543,0.55,"Elo-ctrl -1.8pp → tier_score -2.0pp (cb tax −0.3; impact +0.13pp clipped±4.0); Blind: unknown counterability — mild safety tax; OE lenses +0.13pp (fight 0.295; lane -0.031; vision -0.009; tower 0.543; obj -0.112); cb unknown → prior 45; thin sample — provisional; flex bot:14,mid:1; n=8, raw 38%"
ewc,EWC,16.13,red,C,3,Nautilus,sup,-1.75,-0.021,-2.04,0.28,6,33.3,,,,-0.099,0.011,-0.027,-0.026,0.042,0.55,"Elo-ctrl -1.7pp → tier_score -2.0pp (cb tax −0.3; impact -0.02pp clipped±4.0); Blind: unknown counterability — mild safety tax; OE lenses -0.02pp (fight 0.011; lane -0.027; vision -0.026; tower 0.042; obj -0.099); cb unknown → prior 45; thin sample — provisional; mostly sup; n=6, raw 33%"
ewc,EWC,16.13,red,D,1,Shen,sup,-1.78,-0.083,-2.14,0.28,4,25.0,,,,-0.109,-0.085,-0.016,0.018,-0.267,0.55,"Elo-ctrl -1.8pp → tier_score -2.1pp (cb tax −0.3; impact -0.08pp clipped±4.0); Blind: unknown counterability — mild safety tax; OE lenses -0.08pp (fight -0.085; lane -0.016; vision 0.018; tower -0.267; obj -0.109); cb unknown → prior 45; thin sample — provisional; flex sup:6,top:5; n=4, raw 25%"
ewc,EWC,16.13,red,D,2,Bard,sup,-4.4,-0.027,-4.7,0.28,4,0.0,,,,-0.102,-0.007,0.002,0.018,-0.06,0.55,"Elo-ctrl -4.4pp → tier_score -4.7pp (cb tax −0.3; impact -0.03pp clipped±4.0); Blind: unknown counterability — mild safety tax; OE lenses -0.03pp (fight -0.007; lane 0.002; vision 0.018; tower -0.06; obj -0.102); cb unknown → prior 45; side-split: blue Elo -0.8pp n=4; thin sample — provisional; mostly sup; n=4, raw 0%"
ewc,EWC,16.13,red,E,1,Anivia,mid,-2.18,-0.025,-4.9,2.7,4,25.0,,100.0,highly counterable,-0.027,-0.068,-0.01,0.013,0.026,0.45,"Elo-ctrl -2.2pp → tier_score -4.9pp (cb tax −2.7; impact -0.03pp clipped±4.0); Counter: highly counterable (cb 100/100; CVaR floor 4%; γ=+0.10) → Counter (excess answerability); OE lenses -0.03pp (fight -0.068; lane -0.01; vision 0.013; tower 0.026; obj -0.027); Blade-Chest counterable 100/100; CVaR floor 4%; γ=+0.10; answered by Akali (2%), Orianna (7%); answers Ryze (98%), Sylas (98%); side-split: blue Elo +2.5pp n=4; thin sample — provisional; flex mid:4,top:2,bot:2; n=4, raw 25%"
ewc,EWC,16.13,red,E,2,Neeko,sup,-2.4,0.0,-5.1,2.7,4,25.0,,100.0,highly counterable,,,,,,0.45,"Elo-ctrl -2.4pp → tier_score -5.1pp (cb tax −2.7; impact +0.00pp clipped±4.0); Counter: highly counterable (cb 100/100; CVaR floor 2%; γ=-1.70) → Counter (excess answerability); Blade-Chest counterable 100/100; CVaR floor 2%; γ=-1.70; answered by Camille (1%), Shen (4%); answers Nautilus (63%), Rell (59%); thin sample — provisional; flex sup:3,mid:1; n=4, raw 25%"
ewc,EWC,16.13,red,F,1,Jarvan IV,jng,-5.2,-0.055,-5.53,0.28,11,27.3,,,,-0.085,-0.038,-0.036,0.015,-0.161,0.55,"Elo-ctrl -5.2pp → tier_score -5.5pp (cb tax −0.3; impact -0.06pp clipped±4.0); Blind: unknown counterability — mild safety tax; OE lenses -0.06pp (fight -0.038; lane -0.036; vision 0.015; tower -0.161; obj -0.085); cb unknown → prior 45; side-split: blue Elo +2.0pp n=8; thin sample — provisional; mostly jng; n=11, raw 27%"
ewc,EWC,16.13,red,F,2,Ryze,mid,-6.31,-0.024,-6.61,0.28,5,0.0,,,,-0.129,0.04,-0.038,0.004,-0.016,0.55,"Elo-ctrl -6.3pp → tier_score -6.6pp (cb tax −0.3; impact -0.02pp clipped±4.0); Blind: unknown counterability — mild safety tax; OE lenses -0.02pp (fight 0.04; lane -0.038; vision 0.004; tower -0.016; obj -0.129); cb unknown → prior 45; thin sample — provisional; flex mid:8,bot:1; n=5, raw 0%"
lec,LEC,16.1,blue,S Blind,1,Anivia,mid,2.33,0.041,2.1,0.28,5,80.0,Blind,,,0.118,-0.076,-0.003,0.005,0.351,0.55,"Elo-ctrl +2.3pp → tier_score +2.1pp (cb tax −0.3; impact +0.04pp clipped±4.0); Blind: unknown counterability — mild safety tax; OE lenses +0.04pp (fight -0.076; lane -0.003; vision 0.005; tower 0.351; obj 0.118); cb unknown → prior 45; thin sample — provisional; flex mid:6,top:2; n=5, raw 80%"
lec,LEC,16.1,blue,A,1,Ashe,bot,1.71,0.003,1.44,0.28,4,75.0,,,,0.085,-0.178,0.014,0.019,0.311,0.55,"Elo-ctrl +1.7pp → tier_score +1.4pp (cb tax −0.3; impact +0.00pp clipped±4.0); Blind: unknown counterability — mild safety tax; OE lenses +0.00pp (fight -0.178; lane 0.014; vision 0.019; tower 0.311; obj 0.085); cb unknown → prior 45; thin sample — provisional; mostly bot; n=4, raw 75%"
lec,LEC,16.1,blue,A,2,Vi,jng,1.72,-0.028,1.42,0.28,4,75.0,,,,0.019,-0.074,-0.025,0.001,-0.023,0.55,"Elo-ctrl +1.7pp → tier_score +1.4pp (cb tax −0.3; impact -0.03pp clipped±4.0); Blind: unknown counterability — mild safety tax; OE lenses -0.03pp (fight -0.074; lane -0.025; vision 0.001; tower -0.023; obj 0.019); cb unknown → prior 45; thin sample — provisional; mostly jng; n=4, raw 75%"
lec,LEC,16.1,blue,A,3,Lulu,sup,1.65,-0.007,1.36,0.28,4,75.0,,,,0.07,-0.065,0.005,0.008,-0.019,0.55,"Elo-ctrl +1.6pp → tier_score +1.4pp (cb tax −0.3; impact -0.01pp clipped±4.0); Blind: unknown counterability — mild safety tax; OE lenses -0.01pp (fight -0.065; lane 0.005; vision 0.008; tower -0.019; obj 0.07); cb unknown → prior 45; thin sample — provisional; mostly sup; n=4, raw 75%"
lec,LEC,16.1,blue,A,4,Rumble,top,1.61,-0.014,1.32,0.28,4,75.0,,,,0.004,0.133,0.004,-0.01,-0.474,0.55,"Elo-ctrl +1.6pp → tier_score +1.3pp (cb tax −0.3; impact -0.01pp clipped±4.0); Blind: unknown counterability — mild safety tax; OE lenses -0.01pp (fight 0.133; lane 0.004; vision -0.01; tower -0.474; obj 0.004); cb unknown → prior 45; thin sample — provisional; mostly top; n=4, raw 75%"
lec,LEC,16.1,blue,B,1,Ryze,mid,1.34,-0.094,0.98,0.28,4,75.0,,,,0.016,-0.248,-0.018,0.003,-0.114,0.55,"Elo-ctrl +1.3pp → tier_score +1.0pp (cb tax −0.3; impact -0.09pp clipped±4.0); Blind: unknown counterability — mild safety tax; OE lenses -0.09pp (fight -0.248; lane -0.018; vision 0.003; tower -0.114; obj 0.016); cb unknown → prior 45; thin sample — provisional; mostly mid; n=4, raw 75%"
lec,LEC,16.1,blue,B,2,Neeko,sup,0.03,0.07,-0.18,0.28,5,60.0,,,,-0.01,0.185,-0.004,-0.001,0.118,0.55,"Elo-ctrl +0.0pp → tier_score -0.2pp (cb tax −0.3; impact +0.07pp clipped±4.0); Blind: unknown counterability — mild safety tax; OE lenses +0.07pp (fight 0.185; lane -0.004; vision -0.001; tower 0.118; obj -0.01); cb unknown → prior 45; thin sample — provisional; mostly sup; n=5, raw 60%"
lec,LEC,16.1,blue,C,1,Varus,bot,-0.18,0.03,-0.43,0.28,5,60.0,,,,0.037,0.073,0.039,-0.002,-0.085,0.55,"Elo-ctrl -0.2pp → tier_score -0.4pp (cb tax −0.3; impact +0.03pp clipped±4.0); Blind: unknown counterability — mild safety tax; OE lenses +0.03pp (fight 0.073; lane 0.039; vision -0.002; tower -0.085; obj 0.037); cb unknown → prior 45; thin sample — provisional; flex bot:3,top:3; n=5, raw 60%"
lec,LEC,16.1,blue,D,1,Caitlyn,bot,-0.23,0.043,-0.46,0.28,5,60.0,,,,0.04,-0.041,0.029,-0.003,0.347,0.55,"Elo-ctrl -0.2pp → tier_score -0.5pp (cb tax −0.3; impact +0.04pp clipped±4.0); Blind: unknown counterability — mild safety tax; OE lenses +0.04pp (fight -0.041; lane 0.029; vision -0.003; tower 0.347; obj 0.04); cb unknown → prior 45; thin sample — provisional; mostly bot; n=5, raw 60%"
lec,LEC,16.1,blue,D,2,Taliyah,mid,-0.69,0.005,-0.96,0.28,4,50.0,,,,-0.021,0.066,-0.026,0.003,-0.047,0.55,"Elo-ctrl -0.7pp → tier_score -1.0pp (cb tax −0.3; impact +0.01pp clipped±4.0); Blind: unknown counterability — mild safety tax; OE lenses +0.01pp (fight 0.066; lane -0.026; vision 0.003; tower -0.047; obj -0.021); cb unknown → prior 45; thin sample — provisional; mostly mid; n=4, raw 50%"
lec,LEC,16.1,blue,E,1,Cassiopeia,mid,-1.15,-0.006,-1.43,0.28,4,50.0,,,,-0.048,0.114,0.03,-0.016,-0.314,0.55,"Elo-ctrl -1.2pp → tier_score -1.4pp (cb tax −0.3; impact -0.01pp clipped±4.0); Blind: unknown counterability — mild safety tax; OE lenses -0.01pp (fight 0.114; lane 0.03; vision -0.016; tower -0.314; obj -0.048); cb unknown → prior 45; thin sample — provisional; flex mid:7,top:1; n=4, raw 50%"
lec,LEC,16.1,blue,F,1,Nautilus,sup,-5.06,0.0,-5.34,0.28,5,20.0,,,,0.0,0.0,0.0,0.0,0.0,0.55,"Elo-ctrl -5.1pp → tier_score -5.3pp (cb tax −0.3; impact +0.00pp clipped±4.0); Blind: unknown counterability — mild safety tax; OE lenses +0.00pp (fight 0.0; lane 0.0; vision 0.0; tower 0.0; obj 0.0); cb unknown → prior 45; thin sample — provisional; mostly sup; n=5, raw 20%"
lec,LEC,16.1,red,Z Blind,1,Seraphine,sup,4.19,0.039,3.96,0.28,6,66.7,Blind,,,0.057,0.082,-0.002,-0.005,0.025,0.55,"Elo-ctrl +4.2pp → tier_score +4.0pp (cb tax −0.3; impact +0.04pp clipped±4.0); Blind: unknown counterability — mild safety tax; OE lenses +0.04pp (fight 0.082; lane -0.002; vision -0.005; tower 0.025; obj 0.057); cb unknown → prior 45; thin sample — provisional; mostly sup; n=6, raw 67%"
lec,LEC,16.1,red,S Blind,1,Vi,jng,4.08,-0.028,3.78,0.28,4,75.0,Blind,,,0.019,-0.074,-0.025,0.001,-0.023,0.55,"Elo-ctrl +4.1pp → tier_score +3.8pp (cb tax −0.3; impact -0.03pp clipped±4.0); Blind: unknown counterability — mild safety tax; OE lenses -0.03pp (fight -0.074; lane -0.025; vision 0.001; tower -0.023; obj 0.019); cb unknown → prior 45; thin sample — provisional; mostly jng; n=4, raw 75%"
lec,LEC,16.1,red,S Blind,2,Ashe,bot,4.02,0.003,3.75,0.28,4,75.0,Blind,,,0.085,-0.178,0.014,0.019,0.311,0.55,"Elo-ctrl +4.0pp → tier_score +3.7pp (cb tax −0.3; impact +0.00pp clipped±4.0); Blind: unknown counterability — mild safety tax; OE lenses +0.00pp (fight -0.178; lane 0.014; vision 0.019; tower 0.311; obj 0.085); cb unknown → prior 45; thin sample — provisional; mostly bot; n=4, raw 75%"
lec,LEC,16.1,red,A,1,Rakan,sup,3.53,-0.003,3.25,0.28,4,75.0,,,,0.12,-0.114,0.007,0.022,0.041,0.55,"Elo-ctrl +3.5pp → tier_score +3.3pp (cb tax −0.3; impact -0.00pp clipped±4.0); Blind: unknown counterability — mild safety tax; OE lenses -0.00pp (fight -0.114; lane 0.007; vision 0.022; tower 0.041; obj 0.12); cb unknown → prior 45; thin sample — provisional; mostly sup; n=4, raw 75%"
lec,LEC,16.1,red,A,2,Xin Zhao,jng,2.32,0.016,2.07,0.28,5,60.0,,,,0.021,0.049,0.023,0.005,-0.082,0.55,"Elo-ctrl +2.3pp → tier_score +2.1pp (cb tax −0.3; impact +0.02pp clipped±4.0); Blind: unknown counterability — mild safety tax; OE lenses +0.02pp (fight 0.049; lane 0.023; vision 0.005; tower -0.082; obj 0.021); cb unknown → prior 45; thin sample — provisional; mostly jng; n=5, raw 60%"
lec,LEC,16.1,red,B,1,Olaf,top,1.03,0.0,0.76,0.28,4,50.0,,,,,,,,,0.55,"Elo-ctrl +1.0pp → tier_score +0.8pp (cb tax −0.3; impact +0.00pp clipped±4.0); Blind: unknown counterability — mild safety tax; cb unknown → prior 45; thin sample — provisional; flex top:3,jng:1; n=4, raw 50%"
lec,LEC,16.1,red,C,1,Annie,mid,0.21,0.012,-0.05,0.28,5,40.0,,,,-0.069,0.141,-0.006,-0.002,-0.143,0.55,"Elo-ctrl +0.2pp → tier_score -0.1pp (cb tax −0.3; impact +0.01pp clipped±4.0); Blind: unknown counterability — mild safety tax; OE lenses +0.01pp (fight 0.141; lane -0.006; vision -0.002; tower -0.143; obj -0.069); cb unknown → prior 45; thin sample — provisional; flex mid:5,top:1; n=5, raw 40%"
lec,LEC,16.1,red,C,2,Ezreal,bot,-0.56,0.056,-0.78,0.28,5,40.0,,,,-0.001,0.176,-0.032,-0.006,0.071,0.55,"Elo-ctrl -0.6pp → tier_score -0.8pp (cb tax −0.3; impact +0.06pp clipped±4.0); Blind: unknown counterability — mild safety tax; OE lenses +0.06pp (fight 0.176; lane -0.032; vision -0.006; tower 0.071; obj -0.001); cb unknown → prior 45; thin sample — provisional; mostly bot; n=5, raw 40%"
lec,LEC,16.1,red,D,1,Trundle,jng,-1.17,0.0,-1.44,0.28,4,25.0,,,,0.0,0.0,0.0,0.0,0.0,0.55,"Elo-ctrl -1.2pp → tier_score -1.4pp (cb tax −0.3; impact +0.00pp clipped±4.0); Blind: unknown counterability — mild safety tax; OE lenses +0.00pp (fight 0.0; lane 0.0; vision 0.0; tower 0.0; obj 0.0); cb unknown → prior 45; thin sample — provisional; mostly jng; n=4, raw 25%"
lec,LEC,16.1,red,E,1,Cassiopeia,mid,-1.35,-0.006,-1.63,0.28,4,25.0,,,,-0.048,0.114,0.03,-0.016,-0.314,0.55,"Elo-ctrl -1.3pp → tier_score -1.6pp (cb tax −0.3; impact -0.01pp clipped±4.0); Blind: unknown counterability — mild safety tax; OE lenses -0.01pp (fight 0.114; lane 0.03; vision -0.016; tower -0.314; obj -0.048); cb unknown → prior 45; thin sample — provisional; flex mid:7,top:1; n=4, raw 25%"
lec,LEC,16.1,red,F,1,Nami,sup,-1.37,0.008,-1.64,0.28,4,25.0,,,,-0.045,0.06,-0.008,-0.011,0.011,0.55,"Elo-ctrl -1.4pp → tier_score -1.6pp (cb tax −0.3; impact +0.01pp clipped±4.0); Blind: unknown counterability — mild safety tax; OE lenses +0.01pp (fight 0.06; lane -0.008; vision -0.011; tower 0.011; obj -0.045); cb unknown → prior 45; thin sample — provisional; mostly sup; n=4, raw 25%"
lcs,LCS,16.11,blue,A,1,Lucian,bot,0.83,0.0,0.56,0.28,4,75.0,,,,,,,,,0.55,"Elo-ctrl +0.8pp → tier_score +0.6pp (cb tax −0.3; impact +0.00pp clipped±4.0); Blind: unknown counterability — mild safety tax; cb unknown → prior 45; thin sample — provisional; mostly bot; n=4, raw 75%"
lcs,LCS,16.11,blue,A,2,Milio,sup,0.83,0.0,0.56,0.28,4,75.0,,,,,,,,,0.55,"Elo-ctrl +0.8pp → tier_score +0.6pp (cb tax −0.3; impact +0.00pp clipped±4.0); Blind: unknown counterability — mild safety tax; cb unknown → prior 45; thin sample — provisional; mostly sup; n=4, raw 75%"
lcs,LCS,16.11,blue,F,1,Rumble,top,-1.27,0.0,-1.55,0.28,5,60.0,,,,0.0,0.0,0.0,0.0,0.0,0.55,"Elo-ctrl -1.3pp → tier_score -1.5pp (cb tax −0.3; impact +0.00pp clipped±4.0); Blind: unknown counterability — mild safety tax; OE lenses +0.00pp (fight 0.0; lane 0.0; vision 0.0; tower 0.0; obj 0.0); cb unknown → prior 45; thin sample — provisional; flex top:5,jng:1; n=5, raw 60%"
lcs,LCS,16.11,red,S Blind,1,Rakan,sup,2.05,0.0,1.78,0.28,4,50.0,Blind,,,0.0,0.0,0.0,0.0,0.0,0.55,"Elo-ctrl +2.1pp → tier_score +1.8pp (cb tax −0.3; impact +0.00pp clipped±4.0); Blind: unknown counterability — mild safety tax; OE lenses +0.00pp (fight 0.0; lane 0.0; vision 0.0; tower 0.0; obj 0.0); cb unknown → prior 45; thin sample — provisional; mostly sup; n=4, raw 50%"
lcs,LCS,16.11,red,A,1,Xin Zhao,jng,-0.04,0.0,-0.31,0.28,4,25.0,,,,,,,,,0.55,"Elo-ctrl -0.0pp → tier_score -0.3pp (cb tax −0.3; impact +0.00pp clipped±4.0); Blind: unknown counterability — mild safety tax; cb unknown → prior 45; thin sample — provisional; flex jng:3,mid:1; n=4, raw 25%"
lcs,LCS,16.11,red,B,1,Nautilus,sup,-0.37,0.0,-0.65,0.28,4,25.0,,,,0.0,0.0,0.0,0.0,0.0,0.55,"Elo-ctrl -0.4pp → tier_score -0.6pp (cb tax −0.3; impact +0.00pp clipped±4.0); Blind: unknown counterability — mild safety tax; OE lenses +0.00pp (fight 0.0; lane 0.0; vision 0.0; tower 0.0; obj 0.0); cb unknown → prior 45; thin sample — provisional; mostly sup; n=4, raw 25%"
lcs,LCS,16.11,red,D,1,Sion,top,-0.57,0.0,-0.84,0.28,5,20.0,,,,0.0,0.0,0.0,0.0,0.0,0.55,"Elo-ctrl -0.6pp → tier_score -0.8pp (cb tax −0.3; impact +0.00pp clipped±4.0); Blind: unknown counterability — mild safety tax; OE lenses +0.00pp (fight 0.0; lane 0.0; vision 0.0; tower 0.0; obj 0.0); cb unknown → prior 45; thin sample — provisional; mostly top; n=5, raw 20%"
lcs,LCS,16.11,red,F,1,Jarvan IV,jng,-0.59,0.0,-0.87,0.28,5,20.0,,,,0.0,0.0,0.0,0.0,0.0,0.55,"Elo-ctrl -0.6pp → tier_score -0.9pp (cb tax −0.3; impact +0.00pp clipped±4.0); Blind: unknown counterability — mild safety tax; OE lenses +0.00pp (fight 0.0; lane 0.0; vision 0.0; tower 0.0; obj 0.0); cb unknown → prior 45; thin sample — provisional; mostly jng; n=5, raw 20%"
